Year,Value,UNIT_MEASURE
2010,18.41463344556467,пайыз
2011,18.891244002423637,пайыз
2012,18.1909864759323,пайыз
2013,19.323264914593533,пайыз
2014,18.55172612091414,пайыз
2015,19.981574480183674,пайыз
2016,19.833523265845937,пайыз
2017,17.59057676570408,пайыз
2018,23.4,пайыз
