Year,Value,GeoCode,UNIT_MEASURE
2011,15.03,,пайыз
2012,13.74,,пайыз
2013,13.89,,пайыз
2014,10.18,,пайыз
2015,10.75,,пайыз
2016,8.33,,пайыз
2017,15.56,,пайыз
2018,12.87,,пайыз
2014,23725.5328442732,,млн АҚШ доллары
2015,15169.501879678994,,млн АҚШ доллары
2016,21046.413407961463,,млн АҚШ доллары
2017,20899.48552877959,,млн АҚШ доллары
