Year,Value,UNIT_MEASURE
2011,50.6,пайыз
2012,61.90662401932264,пайыз
2013,63.3,пайыз
2014,63.9,пайыз
2015,72.8660129673921,пайыз
2016,76.8,пайыз
2017,78.8,пайыз
2018,81.3,пайыз
2019,84.2,пайыз
