Year,Value
2010,22.7
2011,17.4
2012,13.5
2013,13.1
2014,15.2093150821552
2015,16.549690445562803
2016,15.416634548678024
2017,14.812204234758116
2018,14.0
2019,13.7
