Year,Value,UNIT_MEASURE
2015,99.81213409838932,пайыз
2016,95.85777639042873,пайыз
2017,99.19755003760682,пайыз
2018,93.83096929119436,пайыз
2019,98.3,пайыз
