Year,Value,UNIT_MEASURE
2015,0.8382122619631779,пайыз
2016,0.7642799678197908,пайыз
2017,0.711610751034974,пайыз
2018,0.72,пайыз
