Year,Value,UNIT_MEASURE
2015,9.700176366843031,пайыз
2016,29.005901044030868,пайыз
2017,39.81636060100167,пайыз
2018,49.95730145175064,пайыз
2019,41.7,пайыз
