{"data":{"Year":[2010,2011,2012,2013,2014,2015,2016,2016,2017,2017],"UNIT_MEASURE":["\u043c\u043b\u043d \u0410\u049a\u0428 \u0434\u043e\u043b\u043b\u0430\u0440\u044b","\u043c\u043b\u043d \u0410\u049a\u0428 \u0434\u043e\u043b\u043b\u0430\u0440\u044b","\u043c\u043b\u043d \u0410\u049a\u0428 \u0434\u043e\u043b\u043b\u0430\u0440\u044b","\u043c\u043b\u043d \u0410\u049a\u0428 \u0434\u043e\u043b\u043b\u0430\u0440\u044b","\u043c\u043b\u043d \u0410\u049a\u0428 \u0434\u043e\u043b\u043b\u0430\u0440\u044b","\u043c\u043b\u043d \u0410\u049a\u0428 \u0434\u043e\u043b\u043b\u0430\u0440\u044b","\u043c\u043b\u043d \u0410\u049a\u0428 \u0434\u043e\u043b\u043b\u0430\u0440\u044b","\u043c\u043b\u043d \u0410\u049a\u0428 \u0434\u043e\u043b\u043b\u0430\u0440\u044b","\u043c\u043b\u043d \u0410\u049a\u0428 \u0434\u043e\u043b\u043b\u0430\u0440\u044b","\u043c\u043b\u043d \u0410\u049a\u0428 \u0434\u043e\u043b\u043b\u0430\u0440\u044b"],"COMPOSITE_BREAKDOWN":["\u049a\u0430\u0437\u0430\u049b\u0441\u0442\u0430\u043d-\u0430\u043b\u0443\u0448\u044b","\u049a\u0430\u0437\u0430\u049b\u0441\u0442\u0430\u043d-\u0430\u043b\u0443\u0448\u044b","\u049a\u0430\u0437\u0430\u049b\u0441\u0442\u0430\u043d-\u0430\u043b\u0443\u0448\u044b","\u049a\u0430\u0437\u0430\u049b\u0441\u0442\u0430\u043d-\u0430\u043b\u0443\u0448\u044b","\u049a\u0430\u0437\u0430\u049b\u0441\u0442\u0430\u043d-\u0430\u043b\u0443\u0448\u044b","\u049a\u0430\u0437\u0430\u049b\u0441\u0442\u0430\u043d-\u0430\u043b\u0443\u0448\u044b","\u049a\u0430\u0437\u0430\u049b\u0441\u0442\u0430\u043d-\u0430\u043b\u0443\u0448\u044b","\u049a\u0430\u0437\u0430\u049b\u0441\u0442\u0430\u043d-\u0434\u043e\u043d\u043e\u0440","\u049a\u0430\u0437\u0430\u049b\u0441\u0442\u0430\u043d-\u0430\u043b\u0443\u0448\u044b","\u049a\u0430\u0437\u0430\u049b\u0441\u0442\u0430\u043d-\u0434\u043e\u043d\u043e\u0440"],"Value":[52.809627,13.76959,3.400815,32.236242,6.119229,64.913873,3.961957,0.00315,42.990499,0.003098]},"edges":[]}