{"data":{"Year":[2010,2010,2011,2011,2012,2012,2013,2013,2014,2014,2015,2015,2015,2015,2016,2016,2017,2017],"UNIT_MEASURE":["\u043c\u043b\u043d \u0410\u049a\u0428 \u0434\u043e\u043b\u043b\u0430\u0440\u044b","\u043c\u043b\u043d \u0410\u049a\u0428 \u0434\u043e\u043b\u043b\u0430\u0440\u044b","\u043c\u043b\u043d \u0410\u049a\u0428 \u0434\u043e\u043b\u043b\u0430\u0440\u044b","\u043c\u043b\u043d \u0410\u049a\u0428 \u0434\u043e\u043b\u043b\u0430\u0440\u044b","\u043c\u043b\u043d \u0410\u049a\u0428 \u0434\u043e\u043b\u043b\u0430\u0440\u044b","\u043c\u043b\u043d \u0410\u049a\u0428 \u0434\u043e\u043b\u043b\u0430\u0440\u044b","\u043c\u043b\u043d \u0410\u049a\u0428 \u0434\u043e\u043b\u043b\u0430\u0440\u044b","\u043c\u043b\u043d \u0410\u049a\u0428 \u0434\u043e\u043b\u043b\u0430\u0440\u044b","\u043c\u043b\u043d \u0410\u049a\u0428 \u0434\u043e\u043b\u043b\u0430\u0440\u044b","\u043c\u043b\u043d \u0410\u049a\u0428 \u0434\u043e\u043b\u043b\u0430\u0440\u044b","\u043c\u043b\u043d \u0410\u049a\u0428 \u0434\u043e\u043b\u043b\u0430\u0440\u044b","\u043c\u043b\u043d \u0410\u049a\u0428 \u0434\u043e\u043b\u043b\u0430\u0440\u044b","\u043c\u043b\u043d \u0410\u049a\u0428 \u0434\u043e\u043b\u043b\u0430\u0440\u044b","\u043c\u043b\u043d \u0410\u049a\u0428 \u0434\u043e\u043b\u043b\u0430\u0440\u044b","\u043c\u043b\u043d \u0410\u049a\u0428 \u0434\u043e\u043b\u043b\u0430\u0440\u044b","\u043c\u043b\u043d \u0410\u049a\u0428 \u0434\u043e\u043b\u043b\u0430\u0440\u044b","\u043c\u043b\u043d \u0410\u049a\u0428 \u0434\u043e\u043b\u043b\u0430\u0440\u044b","\u043c\u043b\u043d \u0410\u049a\u0428 \u0434\u043e\u043b\u043b\u0430\u0440\u044b"],"COMPOSITE_BREAKDOWN":["_L_ODA_RCP_GR","_L_ODA_RCP_NT","_L_ODA_RCP_GR","_L_ODA_RCP_NT","_L_ODA_RCP_GR","_L_ODA_RCP_NT","_L_ODA_RCP_GR","_L_ODA_RCP_NT","_L_ODA_RCP_GR","_L_ODA_RCP_NT","_L_ODA_RCP_GR","_L_ODA_DNR_GR","_L_ODA_RCP_NT","_L_ODA_DNR_NT","_L_ODA_RCP_GR","_L_ODA_RCP_NT","_L_ODA_RCP_GR","_L_ODA_RCP_NT"],"Value":[26.781008,26.7810073894,17.091497,17.0914092032,12.609999,12.6100007456,7.04761,7.0277879452,8.645732,8.6402089562,4.265647,0.044881,4.2654660697,0.0448810324,6.449895,6.4468855213,11.380076,10.7763920154]},"edges":[]}