{"data":{"Year":[2015,2016,2017,2018,2019],"UNIT_MEASURE":["\u043f\u0430\u0439\u044b\u0437","\u043f\u0430\u0439\u044b\u0437","\u043f\u0430\u0439\u044b\u0437","\u043f\u0430\u0439\u044b\u0437","\u043f\u0430\u0439\u044b\u0437"],"Value":[9.7001763668,29.005901044,39.816360601,49.9573014518,41.7]},"edges":[]}