{"data":{"Year":[2017,2017,2017,2017,2017,2017,2017,2017,2017,2017,2017,2017,2017,2017,2017,2017,2017,2017,2018,2018,2018,2018,2018,2018,2018,2018,2018,2018,2018,2018,2018,2018,2018,2018,2018,2018,2019,2019,2019,2019,2019,2019,2019,2019,2019,2019,2019,2019,2019,2019,2019,2019,2019,2019],"UNIT_MEASURE":["PT","PT","PT","PT","PT","PT","PT","PT","PT","PT","PT","PT","PT","PT","PT","PT","PT","PT","PT","PT","PT","PT","PT","PT","PT","PT","PT","PT","PT","PT","PT","PT","PT","PT","PT","PT","PT","PT","PT","PT","PT","PT","PT","PT","PT","PT","PT","PT","PT","PT","PT","PT","PT","PT"],"REF_AREA":[null,"KZAKM","KZAKT","KZALM","KZATY","KZZAP","KZZHA","KZKAR","KZKUS","KZKZY","KZMAN","KZPAV","KZSEV","KZYUZ","KZVOS","KZNS","KZALA","KZSHY",null,"KZAKM","KZAKT","KZALM","KZATY","KZZAP","KZZHA","KZKAR","KZKUS","KZKZY","KZMAN","KZPAV","KZSEV","KZYUZ","KZVOS","KZNS","KZALA","KZSHY",null,"KZAKM","KZAKT","KZALM","KZATY","KZZAP","KZZHA","KZKAR","KZKUS","KZKZY","KZMAN","KZPAV","KZSEV","KZYUZ","KZVOS","KZNS","KZALA","KZSHY"],"Value":[77.061273163,67.3579136946,78.0010248652,84.6008560863,79.8468379447,75.677192056,61.0221571093,70.4896512733,80.3652421127,71.7532044386,77.9871286441,79.5990224419,74.6122364613,76.8,77.3940577926,83.7638349966,81.5605113878,80.1,79.6,68.9,78.0,86.7,81.2,76.4,78.2,70.6,80.8,78.6,78.1,79.6,74.8,76.9,77.8,85.4,87.2,80.8,82.1,74.7,80.0,87.9,82.6,78.4,79.8,78.5,82.9,80.1,78.7,82.4,77.1,77.7,82.5,88.7,89.0,81.5]},"edges":[]}