{"data":{"Year":[2010,2011,2012,2013,2013,2014,2014,2015,2015,2016,2016,2017,2017],"UNIT_MEASURE":["M_USD","M_USD","M_USD","M_USD","M_USD","M_USD","M_USD","M_USD","M_USD","M_USD","M_USD","M_USD","M_USD"],"COMPOSITE_BREAKDOWN":["_L_ODA_RCP","_L_ODA_RCP","_L_ODA_RCP","_L_ODA_RCP","_L_ODA_DNR","_L_ODA_RCP","_L_ODA_DNR","_L_ODA_RCP","_L_ODA_DNR","_L_ODA_RCP","_L_ODA_DNR","_L_ODA_RCP","_L_ODA_DNR"],"Value":[20.900557,4.356568,0.906232,0.166397,0.003803,0.022668,0.006619,0.167596,0.00729,0.219449,0.010404,0.712969,0.003098]},"edges":[]}