{"Year":[2015,2016,2017,2018],"UNIT_MEASURE":["\u043f\u0430\u0439\u044b\u0437","\u043f\u0430\u0439\u044b\u0437","\u043f\u0430\u0439\u044b\u0437","\u043f\u0430\u0439\u044b\u0437"],"Value":[0.838212262,0.7642799678,0.711610751,0.72]}