Year,UNIT_MEASURE,Value
2015,пайыз,9.700176366843031
2016,пайыз,29.005901044030868
2017,пайыз,39.81636060100167
2018,пайыз,49.95730145175064
2019,пайыз,41.7
