Year,Value,GeoCode,UNIT_MEASURE
2011,15.03,,процент
2012,13.74,,процент
2013,13.89,,процент
2014,10.18,,процент
2015,10.75,,процент
2016,8.33,,процент
2017,15.56,,процент
2018,12.87,,процент
2014,23725.5328442732,,млн.долл.США
2015,15169.501879678994,,млн.долл.США
2016,21046.413407961463,,млн.долл.США
2017,20899.48552877959,,млн.долл.США
