Year,Value,UNIT_MEASURE
2015,99.81213409838932,процент
2016,95.85777639042873,процент
2017,99.19755003760682,процент
2018,93.83096929119436,процент
2019,98.3,процент
