Year,Value,UNIT_MEASURE
2015,0.8382122619631779,процент
2016,0.7642799678197908,процент
2017,0.711610751034974,процент
2018,0.72,процент
