Year,Value,UNIT_MEASURE
2012,3.5065578554111165,процент
2013,3.685402162446737,процент
2014,3.433270472821785,процент
2015,3.4012183873910518,процент
2016,3.041477748548792,процент
2017,2.6269248163889456,процент
2018,2.6117563333170843,процент
