Year,Value,UNIT_MEASURE
2016,85.3927648942144,процент
2017,86.80755726815967,процент
2018,87.92728522221233,процент
2019,88.12097004703236,процент
