Year,Value
2011,0.4861384507214093
2012,0.4432929890724379
2013,0.4610388251259936
2014,0.4162673684542015
2015,0.4189583579222953
2016,0.4202246928698693
2017,0.4202246928698693
2018,0.42
