Year,Value,UNIT_MEASURE
2015,9.700176366843031,процент
2016,29.005901044030868,процент
2017,39.81636060100167,процент
2018,49.95730145175064,процент
2019,41.7,процент
