Year,UNIT_MEASURE,Value
2015,процент,9.700176366843031
2016,процент,29.005901044030868
2017,процент,39.81636060100167
2018,процент,49.95730145175064
2019,процент,41.7
