Year,Value,GeoCode,UNIT_MEASURE
2011,15.03,,Percent
2012,13.74,,Percent
2013,13.89,,Percent
2014,10.18,,Percent
2015,10.75,,Percent
2016,8.33,,Percent
2017,15.56,,Percent
2018,12.87,,Percent
2014,23725.5328442732,,M_USD
2015,15169.501879678994,,M_USD
2016,21046.413407961463,,M_USD
2017,20899.48552877959,,M_USD
