Year,Value,UNIT_MEASURE
2015,99.81213409838932,Percent
2016,95.85777639042873,Percent
2017,99.19755003760682,Percent
2018,93.83096929119436,Percent
2019,98.3,Percent
