Year,Value,UNIT_MEASURE
2015,0.8382122619631779,Percent
2016,0.7642799678197908,Percent
2017,0.711610751034974,Percent
2018,0.72,Percent
