Year,Value,UNIT_MEASURE
2015,9.700176366843031,Percent
2016,29.005901044030868,Percent
2017,39.81636060100167,Percent
2018,49.95730145175064,Percent
2019,41.7,Percent
