Year,Value,UNIT_MEASURE
2012,6.081519545019793,PT
2013,6.281780310601058,PT
2014,6.382814619834155,PT
2015,6.167102538579843,PT
2016,5.947566036466102,PT
2017,6.100887064527785,PT
2018,5.9456315973679175,PT
