Year,Value,UNIT_MEASURE
2010,13.44,PT
2011,14.10023908200086,PT
2012,13.204390372567032,PT
2013,13.275371720225834,PT
2014,129.0,PT
2015,119.0,PT
2016,128.0,PT
2017,128.0,PT
2018,13.4,PT
2019,13.4,PT
