Year,Value,UNIT_MEASURE
2015,99.81213409838932,PT
2016,95.85777639042873,PT
2017,99.19755003760682,PT
2018,93.83096929119436,PT
2019,98.3,PT
