Year,Value,UNIT_MEASURE
2015,0.8382122619631779,PT
2016,0.7642799678197908,PT
2017,0.711610751034974,PT
2018,0.72,PT
