Year,Value,UNIT_MEASURE
2016,85.3927648942144,PT
2017,86.80755726815967,PT
2018,87.92728522221233,PT
2019,88.12097004703236,PT
