Year,Value,UNIT_MEASURE
2015,9.700176366843031,PT
2016,29.005901044030868,PT
2017,39.81636060100167,PT
2018,49.95730145175064,PT
2019,41.7,PT
