{"Year":[2010,2010,2010,2011,2011,2011,2012,2012,2012,2013,2013,2013,2014,2014,2014,2015,2015,2015,2016,2016,2016,2017,2017,2017,2018,2018,2018,2019,2019,2019],"UNIT_MEASURE":["per 100000 population","per 100000 population","per 100000 population","per 100000 population","per 100000 population","per 100000 population","per 100000 population","per 100000 population","per 100000 population","per 100000 population","per 100000 population","per 100000 population","per 100000 population","per 100000 population","per 100000 population","per 100000 population","per 100000 population","per 100000 population","per 100000 population","per 100000 population","per 100000 population","per 100000 population","per 100000 population","per 100000 population","per 100000 population","per 100000 population","per 100000 population","per 100000 population","per 100000 population","per 100000 population"],"Area":[null,"Population of urban areas","Population of rural areas",null,"Population of urban areas","Population of rural areas",null,"Population of urban areas","Population of rural areas",null,"Population of urban areas","Population of rural areas",null,"Population of urban areas","Population of rural areas",null,"Population of urban areas","Population of rural areas",null,"Population of urban areas","Population of rural areas",null,"Population of urban areas","Population of rural areas",null,"Population of urban areas","Population of rural areas",null,"Population of urban areas","Population of rural areas"],"Value":[95.3,107.3,81.1,86.6,97.1,74.0,81.7,91.0,70.4,73.4,85.9,61.2,66.4,78.6,50.6,58.5,63.2,52.1,52.7,55.6,48.9,52.2,54.4,49.2,48.2,50.224406723,45.3152183674,45.6,47.7,42.6]}