Year,UNIT_MEASURE,Value
2015,Percent,0.8382122619631779
2016,Percent,0.7642799678197908
2017,Percent,0.711610751034974
2018,Percent,0.72
