{"Year":[2010,2010,2010,2011,2011,2011,2012,2012,2012,2013,2013,2013,2014,2014,2014,2015,2015,2015,2016,2016,2016,2017,2017,2017,2018,2018,2018],"UNIT_MEASURE":["METER3_TH_TNG","METER3_TH_TNG","METER3_TH_TNG","METER3_TH_TNG","METER3_TH_TNG","METER3_TH_TNG","METER3_TH_TNG","METER3_TH_TNG","METER3_TH_TNG","METER3_TH_TNG","METER3_TH_TNG","METER3_TH_TNG","METER3_TH_TNG","METER3_TH_TNG","METER3_TH_TNG","METER3_TH_TNG","METER3_TH_TNG","METER3_TH_TNG","METER3_TH_TNG","METER3_TH_TNG","METER3_TH_TNG","METER3_TH_TNG","METER3_TH_TNG","METER3_TH_TNG","METER3_TH_TNG","METER3_TH_TNG","METER3_TH_TNG"],"Type of economic activity":["agriculture, forestry and fishery","Industry","provision of other types of services","agriculture, forestry and fishery","Industry","provision of other types of services","agriculture, forestry and fishery","Industry","provision of other types of services","agriculture, forestry and fishery","Industry","provision of other types of services","agriculture, forestry and fishery","Industry","provision of other types of services","agriculture, forestry and fishery","Industry","provision of other types of services","agriculture, forestry and fishery","Industry","provision of other types of services","agriculture, forestry and fishery","Industry","provision of other types of services","agriculture, forestry and fishery","Industry","provision of other types of services"],"Value":[11.8933543253,0.7808139576,0.3334457196,6.652053393,0.6795683292,0.2707771431,6.8727587032,0.6405381676,0.2171920164,6.028746648,0.6230725134,0.2070778224,7.0713115603,0.5857763212,0.076750398,6.7927865197,0.5790315398,0.0583162463,5.6560546794,0.3405500449,0.09843829,5.3829267179,0.2762144857,0.0670657187,4.7793944072,0.2762713045,0.0823329588]}