{"Year":[2010,2011,2012,2013,2014,2015,2016,2017,2018],"UNIT_MEASURE":["Percent","Percent","Percent","Percent","Percent","Percent","Percent","Percent","Percent"],"Value":[13.1688972459,21.9919839679,27.2749298648,17.1539515761,21.3487511563,18.7378892734,13.52125,18.3898443898,21.2664859982]}