{"Year":[2011,2012,2012,2012,2012,2012,2012,2012,2012,2012,2012,2012,2012,2012,2012,2012,2012,2012,2013,2013,2013,2013,2013,2013,2013,2013,2013,2013,2013,2013,2013,2013,2013,2013,2013,2014,2014,2014,2014,2014,2014,2014,2014,2014,2014,2014,2014,2014,2014,2014,2014,2014,2015,2015,2015,2015,2015,2015,2015,2015,2015,2015,2015,2015,2015,2015,2015,2015,2015,2016,2016,2016,2016,2016,2016,2016,2016,2016,2016,2016,2016,2016,2016,2016,2016,2016,2017,2017,2017,2017,2017,2017,2017,2017,2017,2017,2017,2017,2017,2017,2017,2017,2017,2018,2018,2018,2018,2018,2018,2018,2018,2018,2018,2018,2018,2018,2018,2018,2018,2018],"Regions":[null,null,"Akmola","Aktobe","Almaty","Atyrau","Batys Kazakhstan","Zhambyl","Karagandy","Kostanay","Kyzylorda","Mangistau","Turkistan","Pavlodar","Soltustik Kazakhstan","Shygys Kazakhstan","Nur-Sultan city","Almaty city",null,"Akmola","Aktobe","Almaty","Atyrau","Batys Kazakhstan","Zhambyl","Karagandy","Kostanay","Kyzylorda","Mangistau","Turkistan","Pavlodar","Soltustik Kazakhstan","Shygys Kazakhstan","Nur-Sultan city","Almaty city",null,"Akmola","Aktobe","Almaty","Atyrau","Batys Kazakhstan","Zhambyl","Karagandy","Kostanay","Kyzylorda","Mangistau","Turkistan","Pavlodar","Soltustik Kazakhstan","Shygys Kazakhstan","Nur-Sultan city","Almaty city",null,"Akmola","Aktobe","Almaty","Atyrau","Batys Kazakhstan","Zhambyl","Karagandy","Kostanay","Kyzylorda","Mangistau","Turkistan","Pavlodar","Soltustik Kazakhstan","Shygys Kazakhstan","Nur-Sultan city","Almaty city",null,"Akmola","Aktobe","Almaty","Atyrau","Batys Kazakhstan","Zhambyl","Karagandy","Kostanay","Kyzylorda","Mangistau","Turkistan","Pavlodar","Soltustik Kazakhstan","Shygys Kazakhstan","Nur-Sultan city","Almaty city",null,"Akmola","Aktobe","Almaty","Atyrau","Batys Kazakhstan","Zhambyl","Karagandy","Kostanay","Kyzylorda","Mangistau","Turkistan","Pavlodar","Soltustik Kazakhstan","Shygys Kazakhstan","Nur-Sultan city","Almaty city",null,"Akmola","Aktobe","Almaty","Atyrau","Batys Kazakhstan","Zhambyl","Karagandy","Kostanay","Kyzylorda","Mangistau","Turkistan","Pavlodar","Soltustik Kazakhstan","Shygys Kazakhstan","Nur-Sultan city","Almaty city"],"Value":[0.4861384507,0.4432929891,0.83,2.63,0.17,1.92,3.28,1.0,4.54,0.04,6.55,2.65,0.12,7.39,0.29,0.96,0.06,0.23,0.4610388251,0.51,2.31,0.2,1.92,3.31,0.31,3.77,0.03,5.69,2.79,0.11,6.58,0.37,0.88,0.04,0.14,0.4162673685,0.67,3.55,0.21,1.53,5.15,1.0,3.54,0.01,5.08,4.07,0.47,6.49,0.54,0.82,0.2,0.12,0.4189583579,0.62,3.36,0.2,1.43,4.72,0.24,3.06,0.01,5.0,3.96,0.49,5.94,0.5,0.68,0.19,0.13,0.4202246929,0.39,3.43,0.13,1.42,5.46,0.37,2.7,0.05,5.4,4.14,0.71,6.22,0.42,0.8,0.1,0.12,0.4202246929,0.45,3.41,0.14,1.46,5.68,0.24,2.69,0.02,5.96,4.15,0.7,6.31,0.22,0.84,0.09,0.11,0.42,0.43,3.69,0.15,1.4,5.54,0.22,2.84,0.01,5.96,4.61,0.68,6.1,0.3,0.83,0.1,0.12]}