Year,UNIT_MEASURE,Value
2015,Percent,9.700176366843031
2016,Percent,29.005901044030868
2017,Percent,39.81636060100167
2018,Percent,49.95730145175064
2019,Percent,41.7
