{"data":{"Year":[2010,2011,2012,2013,2014,2015,2016,2017,2018],"UNIT_MEASURE":["\u043f\u0440\u043e\u0446\u0435\u043d\u0442","\u043f\u0440\u043e\u0446\u0435\u043d\u0442","\u043f\u0440\u043e\u0446\u0435\u043d\u0442","\u043f\u0440\u043e\u0446\u0435\u043d\u0442","\u043f\u0440\u043e\u0446\u0435\u043d\u0442","\u043f\u0440\u043e\u0446\u0435\u043d\u0442","\u043f\u0440\u043e\u0446\u0435\u043d\u0442","\u043f\u0440\u043e\u0446\u0435\u043d\u0442","\u043f\u0440\u043e\u0446\u0435\u043d\u0442"],"Value":[18.4146334456,18.8912440024,18.1909864759,19.3232649146,18.5517261209,19.9815744802,19.8335232658,17.5905767657,23.4]},"edges":[]}