{"data":{"Year":[2015,2016,2017,2018],"UNIT_MEASURE":["\u043f\u0440\u043e\u0446\u0435\u043d\u0442","\u043f\u0440\u043e\u0446\u0435\u043d\u0442","\u043f\u0440\u043e\u0446\u0435\u043d\u0442","\u043f\u0440\u043e\u0446\u0435\u043d\u0442"],"Value":[0.838212262,0.7642799678,0.711610751,0.72]},"edges":[]}