{"data":{"Year":[2015,2016,2017,2018,2019],"UNIT_MEASURE":["\u043f\u0440\u043e\u0446\u0435\u043d\u0442","\u043f\u0440\u043e\u0446\u0435\u043d\u0442","\u043f\u0440\u043e\u0446\u0435\u043d\u0442","\u043f\u0440\u043e\u0446\u0435\u043d\u0442","\u043f\u0440\u043e\u0446\u0435\u043d\u0442"],"Value":[9.7001763668,29.005901044,39.816360601,49.9573014518,41.7]},"edges":[]}