{"Year":[2015,2016,2017,2017,2017,2017,2017,2017,2017,2017,2017,2017,2017,2017,2017,2017,2017,2017,2017,2018,2018,2018,2018,2018,2018,2018,2018,2018,2018,2018,2018,2018,2018,2018,2018,2018,2018,2019,2019,2019,2019,2019,2019,2019,2019,2019,2019,2019,2019,2019,2019,2019,2019,2019,2019],"UNIT_MEASURE":["PT","PT","PT","PT","PT","PT","PT","PT","PT","PT","PT","PT","PT","PT","PT","PT","PT","PT","PT","PT","PT","PT","PT","PT","PT","PT","PT","PT","PT","PT","PT","PT","PT","PT","PT","PT","PT","PT","PT","PT","PT","PT","PT","PT","PT","PT","PT","PT","PT","PT","PT","PT","PT","PT","PT"],"REF_AREA":[null,null,null,"KZAKM","KZAKT","KZALM","KZATY","KZZAP","KZZHA","KZKAR","KZKUS","KZKZY","KZMAN","KZONT","KZPAV","KZSEV","KZVOS","KZNS","KZALA",null,"KZAKM","KZAKT","KZALM","KZATY","KZZAP","KZZHA","KZKAR","KZKUS","KZKZY","KZMAN","KZPAV","KZSEV","KZYUZ","KZVOS","KZNS","KZALA","KZSHY",null,"KZAKM","KZAKT","KZALM","KZATY","KZZAP","KZZHA","KZKAR","KZKUS","KZKZY","KZMAN","KZPAV","KZSEV","KZYUZ","KZVOS","KZNS","KZALA","KZSHY"],"Value":[30.0,35.0,39.9,54.9582602223,53.3692467631,12.8212109867,13.5305061911,30.4836469251,12.9330566582,50.6781786891,33.4568904235,24.993676969,30.8673614671,55.2016640604,66.5170709538,23.6071063157,53.2073646758,44.3273276954,36.4407456512,54.0,56.2153479455,54.8333169437,33.6026125816,52.6963906582,72.3287494351,65.8096304591,51.1336586527,52.7519806915,17.1307374375,39.8629022888,62.4796998376,57.4280230326,79.2102206736,77.6142498539,36.8356700359,49.2734168917,46.6528263403,60.7,61.0,52.3,45.6,55.5,58.6,77.5,55.3,65.2,59.6,70.1,69.0,98.4,74.5,93.4,28.3,52.7,44.0]}