Year,UNIT_MEASURE,Value
2015,PT,0.8382122619631779
2016,PT,0.7642799678197908
2017,PT,0.711610751034974
2018,PT,0.72
