{"Year":[2015,2016,2017,2018],"UNIT_MEASURE":["PT","PT","PT","PT"],"Value":[0.838212262,0.7642799678,0.711610751,0.72]}