{"Year":[2015,2016,2017,2018,2019],"UNIT_MEASURE":["PT","PT","PT","PT","PT"],"Value":[9.7001763668,29.005901044,39.816360601,49.9573014518,41.7]}