Year,UNIT_MEASURE,Value
2015,PT,9.700176366843031
2016,PT,29.005901044030868
2017,PT,39.81636060100167
2018,PT,49.95730145175064
2019,PT,41.7
